id,name
32488100-c957-4d6c-a64b-8d843106fcff,Misty Reed
57868c0c-5a0d-4af7-b3cf-d573197a2e99,Brandon Hill
29bbd42e-6c52-4b2e-8e92-394306d4ac3c,Brad Williamson
09b17f11-05f6-4807-bf69-716295a3fd05,Andrea Moore
d836b9f0-6d3f-4678-b9c2-163abb5c0161,Wyatt Bates
4f09e2c4-bf4a-4485-8a62-121902244fbe,Adam Rowe
7c34cc35-daf4-46fe-b3f1-f7990e09d5f6,Nicole Hall
64b31ac3-f9a6-40a9-9201-30610a4cee92,Jeffrey Gutierrez
c4ce7823-2a78-4ccf-b014-af5a2d76b462,John Bennett
4bc88caa-edca-4642-b69e-b19427fe4662,Larry Ward
8a956cf8-21cd-4f74-8546-05ef14d7cc0f,Roger Carroll
bf636cbe-39bb-452a-96b1-81a809cbac00,Kelsey Miller
5c5286fe-119e-4127-93a4-2782b2f6108c,Connor Hernandez
50c63c6f-145a-4771-bdef-29984530ef29,Stephanie Adams MD
25e3fb8f-4110-4a50-90c1-fc89ddd83a37,John Price
358c1b69-58c9-4503-bb41-ac37a427c942,Mark Taylor
361e4c50-d725-4f2b-ba0c-64dae4693b22,Joshua Henderson
1b2f895b-c998-4134-a452-84a1d1aa5214,Ashley Mcdaniel
11144760-7667-4e45-b766-a849f3d5210c,John Drake
a85b1ca0-7c5d-49d4-afb6-397e1ea71842,Tyrone Ryan
de61cc77-8bef-4d3c-b589-705c234afaf3,Casey Miller
ae5ca359-52c0-46b5-b668-d0cdcd4aeee9,Cassidy Gaines
055ddeb9-fa24-4c2e-9703-faa19646d45b,David Webb
dc952697-3724-49e2-bdc1-d21b202e8e1b,Steven Flores
2668a1d2-0b57-4b94-a4b6-a0e9f0f83934,Jessica Thomas
3974fdc0-63db-4a1a-bd22-979b5425a37f,Tyler Henderson
0171f757-616b-4866-9a62-e0d253dced33,Dennis Lopez
91772839-0eab-45e4-8c77-4de032645a63,Kyle Mckinney
e1cec4fd-a255-417e-86ed-c473f5baf6ce,Brandy Ford
9aba9694-a03e-4210-b287-a2d774a1df87,Barbara Koch
0035472a-cf59-476c-90e3-9fb78054a5f1,James Grant
a9de68c3-a791-476d-81d3-50536ce45650,Casey Barnes
082fbe7f-4edc-4d5a-a552-4a1132dfe568,Deborah Morgan
914f62ba-ed9c-4ac0-9c9e-418296ed450e,Patricia Joyce
014e5f44-a308-42f2-a228-6e4684f24b7f,Richard Cannon
c1714960-24b0-4d9f-9334-3b32000e9855,Amy Wolf
f7a67c5a-cb63-4ce4-ac6f-430e3b7b3ab5,Laura Holt
ff99c133-8a89-46ec-81b4-82a98a7629a5,Brandy Harrington
88a94924-ef80-4c8e-85de-881c7e3628ed,Tamara Wallace
cd4b1d7b-9dd8-4558-be79-4cf43505abb4,Melissa Harris
aae8a77e-47f7-4046-84c2-0a67a2261506,Dana Smith
6bc92d64-bc51-4410-8fff-4b7356531569,Ann Dennis
6c3b3643-b17c-48df-9ee6-bef68e3c484a,Stephanie Carter
8d4e9fbd-b975-4808-af2c-832d03611941,Elizabeth Ford
92b84ac3-6153-4ea1-a5a3-257095f24fdf,Jasmine Murray
8add787e-d4f5-424d-a7b9-bbce931b28e1,Michael Acosta
531d2651-95cb-4814-a20b-6aa0748c10d2,William Davis
18c46257-8e00-422e-8cd8-c178bbf0721f,David Hanson
ebf1107b-71ab-494f-b6e2-79465e86a4c8,Richard Martinez DVM
700bc9a6-fbc3-4823-b47e-5d4c7a976553,Tracy Gibbs
d25d4d93-6a70-492a-9191-7d8271d748d3,Randy Lyons
5af6be90-5b4b-44df-bc4c-e639dd7653a6,William James
485aef0c-49b2-4090-9c60-1b7af0c3deb2,Patrick Walls
a2d1853c-df32-4a38-9831-303f1ca3eb91,Rachel Graham
359476bf-ec60-4358-9f5b-2329895c63da,Jessica Richard
de964553-a780-446e-98e0-92a1f1cb6d25,Kevin Castro
ba99afbb-e5fa-4392-a47e-4e3849fc2da1,Michael Steele
7db24c65-5354-4732-a7fc-546065d5af34,Kathleen Rivera
7bc0e430-4f45-40d0-8358-5d5d939a5181,Wendy Ramirez
75cab3e8-1e99-4ab8-9940-f9e5663d9c6d,James Jordan
0e42855f-2f35-4408-9633-0a72f9f33bb5,Christy Acosta
9b62adf8-8147-4066-b2ab-406b8d670c66,Andrew Stewart
3b6acef8-90aa-47e5-8994-74109180a064,Mr. Jeremy Cameron
75264bc2-459b-455c-b81d-f79f240d9cb0,Robert Black
6f34637f-337b-408a-8e61-762073e39ae8,Leslie Conner
2d6fb7c7-e84b-4f1a-88b7-6fffda4d4253,Suzanne Farley
3a89254a-0428-4303-8cf4-5b1c1cc996f2,Diane Marshall
b094ae4f-5fc7-411c-82b9-f0e7edf265f8,Carlos Leon
2074181c-3a63-4931-a618-c8d986ba0d58,Lisa Ramirez
aeb0de2e-231d-431c-8ea2-828b67575933,Heather Gomez MD
4faf0ac9-b4ab-4dc3-90bd-976194722379,Destiny Tran
11be35b5-6f67-4eeb-b4e3-6122f1687ac4,Vanessa Howell
63030baa-f611-47f8-9e17-792cff89ac89,William Valenzuela
ff95c719-6541-4a58-973c-7d247bc34e3f,Daniel Coleman
2d9b16a2-6f7a-424e-9b3d-3bae5f754502,Shirley Guerrero
b1be68ec-e976-4645-8233-1b01bc3fe2d6,Nichole Brown
1dfa7c9a-35d3-40f0-b9aa-9f661b6e5452,Michael Welch
f66ca174-8d97-472b-99b6-9b54d29280f0,Shawn Baker
4f7d25ee-7a87-49e2-a4a5-00a96f72d144,Timothy Navarro
4a29a7fa-c109-4398-a53a-b5c8158e8ebb,William Kelly
c9d4e627-0fef-45f7-8594-cb54187fb2c6,Susan Maxwell
f7e06764-8bec-41aa-afb0-00b45780bdac,Christopher Hall
12bd9e0a-1058-4fdb-8220-84d83e604b7b,Julie Dixon
e96f28b3-19c4-4ab4-b8a5-1f6add8bfc0a,Angela Huffman
75c36aa2-6c7a-4d61-9986-8572095a4316,Virginia James
ebc5542e-ffe2-45ab-889a-7d8276dc575c,Amber Franklin
6ff5f92e-431c-490b-a266-e2831344f37f,Michael Carter
f9f69d48-1e96-4ee3-9c44-d7186b04fb0a,Timothy Meyers
77883520-c9db-4758-9207-bbbc2bd03181,Brian Johnson
40a01553-db1b-48d4-911d-72f3ffee254b,Renee Gibson
01dbad7e-a46b-40fd-9837-cf34eb98c1c1,Veronica Garcia
c4526255-579c-4bd6-88c3-c96802ed7c86,Jose Fox
27021476-6929-4f01-a038-ec784274c5d8,John Norris
8d5ef420-558a-4eb7-b83e-572fafaa04e6,Nicole Bailey
04ed4f44-857d-461c-b0bf-117273a094ac,Matthew Young
2c7f9c41-d95e-43c9-9453-b334739e7910,Michelle Wiggins
3f10c717-1669-42f2-b5c8-89ebddd8a98e,Deanna Torres
998446ed-1ab7-4a38-8c2e-534d25687338,Erica Walker
c2e37b6d-98c7-4e01-a020-35d6ab3c1f0e,Dawn Williams
50fac0e0-d33b-4cce-9519-2e9e30ce4998,Stephen Young
0c2287f4-2311-4dae-ab23-8c2bc7c81a09,Misty Lee
49ddd321-a34a-47f1-af05-fa64930f1a8c,Jerry Thompson II
7f5016a8-975a-4b7b-a159-4a738895124d,Mary Smith
6ba632aa-cded-4d96-b093-226206b60c1e,Jennifer Manning
f550eb0e-3458-474a-a2ad-476d015c62eb,Gary Kirk
6ca19227-d4bb-4bbb-bb7b-856b827c367e,Paige Lawson
09425f71-a755-47eb-81cd-1c2d2e3a42ae,Gregory Hayes
597a04d5-04d4-42ba-8380-a64b649f8c4a,Kathy Thomas
52ea8441-3dc6-4270-9a32-91469b6bed03,Ryan Austin
078bde2e-e4c4-4056-870a-e2a63687f2f3,Pamela Harris
48e0c4dc-6d1a-417b-be7d-3818ec4dc690,John Simmons II
7d0ea978-971c-49e8-84a3-52e89d8a2f22,Amber Lopez
a31a1f6c-51ee-46b5-a1ac-fd117fe395f5,Brittany Barrera
c62d3e94-3b2c-4ea6-a316-d76688770e09,Jeremiah Smith
350bf2c0-3e86-497b-b2a1-77145f9d1b8b,Rebecca Rich
54857417-1563-43e8-bc12-78c18e3623c0,Dorothy Schultz
fbb716fa-d0a0-4e91-9252-455d7fd5bb5c,Maria Guerrero
cb38860d-0739-428d-9529-35d41ca5af90,Michael Cobb
26ed81de-e440-46f2-8ee4-8d1032bf75ef,Cheryl Campos
5206edc8-3f14-43e7-a8ed-2109270fa87d,Andrew George
80e324b6-3ff4-4016-982d-2524a39cec78,Lori Chavez
3ca26e06-d806-4b3c-8391-2be8dba9defe,Maria Adams
d9d271b6-d2e9-49da-8209-885f035b309d,Nicholas Mcdowell
e15bb94c-98e2-4cc1-9283-2c82f45ae7cb,Brian Davenport
50c533e3-4a9a-469f-b321-b67efcbc6daf,Robert Torres
3fc3c349-e0d0-4465-9079-0fdbe8db806f,Nathan Murray
9795d18d-23e7-4ca2-ac68-656a4ebfc3ee,Karen Freeman
4365bbe0-5ea0-487d-a187-30c4204b317b,Rebecca Jones
64bf185a-93b8-4331-8b34-2cb058ab9af7,Ryan Huynh
7ba30419-1dac-4451-94f7-284c7891cd02,Jonathan Arroyo
75a57c56-b344-4663-95d4-2a6a9d4f1f84,Kenneth Wilcox
6d0adfc3-48fe-4259-8eea-6b440d5be245,Casey Martinez
15dc1ac9-a396-404c-ba53-32947b288117,Richard Martinez
f63a9a14-e807-4fef-91f7-6d722aa056af,Ann Yoder
f466f454-9448-4ff1-a730-4fa98c2af6ea,Kim Moore
387142e0-620c-4645-878c-4fdde0692a40,John Long
c85f2acc-fbf3-4a6d-8547-90d21839f7bb,Arthur Evans
968c4ea3-2c2d-4780-8d6f-0d5541d7d23d,Andre King
709659ac-4ab6-450c-a99d-cc65a103a151,George Bennett
7b2786b8-1cf7-4bac-80ec-30efebc0fe1e,Stacy Ibarra
b3469689-f0e1-4298-aa79-14b3e045d183,Andre Sanders
2ecce4c4-8baa-416d-b744-6224bce93acf,Brandy Schaefer
825535fc-3d52-4e4e-ad9d-11992cd337ca,Crystal Mendez
a9c91135-6364-4cb9-a0d6-20cd2f6edbe0,Joseph Fletcher
6d3a7d44-e004-464d-a429-689a00013eac,Megan Wyatt
92c84ddf-c5df-4503-92db-4956b84f680a,Kimberly Wilson MD
0c0adb4e-7301-479c-b973-347706b4b76a,Elizabeth Hahn
ba5b5e84-3c62-45f9-bb3e-2944e3d138ed,Erin Rodriguez
3ec353a8-5389-4edb-8bf3-064ef8e6dd98,Seth Frazier
56b9ee8b-c230-45eb-a7f3-9e3720c69ad3,Bradley Monroe
c4d2ef95-9a9d-4d79-953f-94f954101976,Christina Howard
5b715bc8-7037-41cc-9570-5121072eaa50,Abigail Lindsey
93672fbb-8759-4318-bcb9-2252fbaad1b1,Christina Gonzalez
a364f876-97ae-411b-9095-353f5b205f25,Elizabeth Montgomery
3f7701c5-3be4-4d2c-bfbc-60ed796f66c7,Michelle Sheppard
b50a859d-bfa4-4c5f-b0bf-7fc3c9194142,Sara Valentine
58a0af4b-9395-4bf3-8d01-00a7a4749948,Julie Robinson
51413adb-f4a9-4489-b996-6ceacdc682bb,Mrs. Shelly White MD
58b78354-d291-46aa-8507-17b750f50b33,Karina Zimmerman
5360aff5-4881-4614-bd82-dd52932f3b6d,Alicia Webster
71cc9590-8407-4769-9e35-4da29cda5c1d,Brian Clark
c848959b-f10c-4e9a-a1df-eaad06afc111,Gregory Werner
793b72ed-612a-494f-8e8c-ed99320d1460,Michael Lucero
cc5c39cb-e120-4c57-b11d-6ef4411489da,Dr. Maria Moreno MD
a3d755ab-9ce3-46bc-b234-4d1d345efca7,Justin Taylor
ac78b8ba-5661-4a2d-8a78-ddd418881fb2,Garrett Black
1d780c2c-3dc2-4604-9b0e-2c797cbb45a2,Bill Owens
93125d55-f520-41c8-8a24-defede0983f5,Brandon Lang
70ab9e78-19ed-4710-810c-3ae53de268e7,Kimberly Jackson
45d6a4df-1c68-411b-8e86-32025cd94279,Ashley Franco
c851dc88-cb21-4c10-8f60-124abf87d016,Judy Alvarez
9a667df4-4d54-4c11-8059-8f4216b63016,Brandon Lindsey
1676dbd9-2cc5-48af-8fa8-5edbbf378a56,Susan Bennett
70f5ab3b-3755-4328-8dc9-ffacdf153998,Cindy Adams
a582e5a2-4fb0-4c39-b2b1-0f9a98c79862,Dylan Carrillo
5a4f3eb7-5294-4128-b9d4-a53699ecf815,Lisa Lopez
744c9a71-8fd8-46ee-90aa-69e68dc6bff4,Carol Lee
d4235a6e-d505-414b-8b29-3e608bd2edb9,Emma Mitchell
d9854e5c-aac3-44f7-9638-7eb82aee9e6f,Kevin Graham
d21de2c0-71d1-4be2-aa4f-38747bb6474a,Mrs. Megan Scott
2598d3d4-09e1-4b9c-9695-729eff1f2749,John Lowe
1500c046-de08-4cf6-9a06-17a74d3a44af,Justin Barrera
2d2744c8-878e-4f4f-9ca5-fd3a1ae34a91,Timothy Young
0ebbfb65-2f8d-4be5-8866-638ea054763a,Sharon Marshall
9829840e-1520-4464-9fab-f4167a516d80,Kevin Jenkins
be749d7b-3be3-4e45-b47d-72fd38fae5c2,Nicole Martin
b70df0a6-ac28-40bb-a0e2-86fe0e97c305,Jonathan Rowe
b20daa9a-3175-4556-aa61-81977d404e46,Brenda Dillon
106f68d0-cd8d-4321-8de4-90573a28b6d8,Kristin Mcintyre
0811da2c-ca16-468c-8c54-3f103b46ce98,Michael Williams
5b7e4b8d-8c59-47d2-9304-d2e1ba2e5b48,April Baker
5a12fd78-f150-430a-a38a-a7f94bf39ec4,Kristi Keller
795276ed-fe8d-4122-adde-cc6d78b3e96f,Angela Stephens
e597e2a4-a483-4f0e-8003-8fcdf48e2cf3,Richard Pitts
ce272a88-1fcc-4294-85b4-8caf95aaffba,Robert Lee
0ef15b6b-9bc5-4a88-9909-bdd5d68aff5d,Stephanie Nelson
71948c66-1e37-4ead-a224-0cd5662fff00,Cathy Castillo
75a156da-0e86-49ff-8633-05e21a2891af,Carly Harris
06156029-eefb-42e1-a733-e73bdfbd3c1d,Kristina Smith
b234bf47-4280-468d-a16d-20aa8ab5e27f,Natasha Wright
c2fd9921-b476-4900-b2d9-5712e6df2dd4,Mark Smith
b68bc41b-4e63-4beb-af31-183bd48825c0,Melody Wright
6bd0c2b8-482b-497d-8cd2-a0289ff87d42,Lisa Pierce
1321ccb5-869c-4009-8c26-59526507fe0b,George Moore
0e93d444-b790-49b4-92f6-da2dad597a72,Joseph Boyer
6495ded8-0f62-4297-a963-845defdfd410,Dr. Shannon Carter
e040b1be-caeb-49c1-a593-cf825d015726,Calvin Mccullough
56c58418-6125-4351-ba3a-b1e756df9baf,Diana Webster
3f191175-b98b-4805-9224-a657f4af71f9,Brenda Miller
ec1eeb82-082d-461d-a88a-035a2704ba0b,Kayla Brooks
2fca170c-22ce-496d-bd7a-91c3ac34acc2,Alexandria Jarvis
a8c468ab-4ea0-4e4e-b4fa-38c8ba0acae7,Stephanie Evans
46e77a26-6471-4964-b774-326cf56bde37,Kelly Singh
9d39382e-eeb2-4b99-9664-2045348f2cdf,Mark Barnett
8e3eea9f-b3ab-48c4-8b5a-ac562f008369,Jeffrey Franklin
143ed34b-521a-4957-937f-9cb1258bfd7c,Trevor Rodriguez
2e6204ea-3e78-4c17-85de-313eb135b45a,Sandra Norman MD
b2f94398-ef99-4da3-82bb-9d65d5e9987e,John Brewer
8f6162f4-5a0e-44fa-bb00-c7a1ca0f7bcf,Jessica Valdez
d19d79d7-23e7-40ff-a3cf-40dbddfae70f,Emily Brown
50b95a1c-82dc-4c81-a9ed-726d65727f27,Vanessa Schmidt
44c8da1e-da93-4ab5-99c9-2f3edb30a19d,Howard Copeland
8e89c32b-1de0-4771-a41e-43d538cb2ed2,Donald Diaz
7d4a781a-6f86-462a-8095-a4b35a97c1c0,Julie Barnes
86a00fd3-7ab7-4eb9-a689-a2600fd53898,Alexis Graham
17bf07c9-d94a-456c-9c6f-a2febe8660ba,Maria Cherry
34e8e326-d438-47bc-bb94-2cc0b549a2b5,Jeffrey Silva
3e0d8ed5-397f-46c5-ae0d-25caa35e242b,Robert Phelps
f72ab0e4-ef68-4a10-b423-22ed62d558cc,Jon Heath
0a5c8903-db73-41bd-8582-61f93d7621eb,Madison Mcintosh
77896da8-17c2-4e12-bd9e-8561494ef493,Jonathan Graham
2cb74bd8-6349-407e-8b88-6ef11adde746,Daniel Small
6751af6f-e4f8-455f-b20e-9f34a6303d89,Pamela Lane
a05f8286-6c26-4c1a-a00f-2f1d2246c294,Debra Simmons
d3746d69-a2cf-4665-a8f0-ba2d6260fe4c,Tina Collins
d0e2ce9c-76ba-4d73-b3e0-0c141ab8f741,Christopher Cooper
c82e13dd-12aa-4290-ba1d-4a22dbbce098,Kyle Johnson
af95084a-000b-4a5e-b664-e6c8ac68146f,Carolyn Moore
12241bff-4038-471b-b890-08230d22efa6,Brendan Hawkins
14ab557f-989e-479b-874b-a48e80444724,John Hall
72e6f54c-e0e0-4725-8967-2cb4ae9773e5,Christina Terry
b3e5c549-48e1-4f1d-aff4-b1bf82e710fa,Jennifer Erickson
e6a6d5c8-84c9-4f26-a9a4-f1504d57b09f,Michael French
c3d42c33-a0db-491d-bd21-b325fda4c70f,Jesse Moore
85e6c906-9fb9-41d5-bae3-2f55222b8090,Ruben Bennett
201c00e7-21a4-45ed-b611-9db18a008235,Rachel Rodriguez
062bfb32-be32-416b-bb89-ba4fae9d027f,Ernest Bowers
1d3314f8-d3e0-4745-a73a-b0a9b9822c30,Sarah Smith
cd1c749f-9a30-434e-89e7-692689775743,Michael Bryant
5ae2eab3-326f-43d0-a449-303a296d031b,Michael Meza
6c53c9bd-3f62-422b-ac4d-b331cacad753,Richard Holloway
90d010c0-4dcc-49b6-aaf5-20b943d2f5ed,Stephanie Williams
34132d9d-b307-41f8-9b1a-d89a675ed3e4,Deborah Ward
176727ef-f256-462f-8052-3d2a9459dd56,Michael Ball
13e58765-3061-49b4-a086-9d380217c331,Carrie Wilson
2dac80c6-ce69-4055-a532-74c2c0d1f2c3,Sheila Fisher
75b17eb2-3e2f-42b2-b3d2-77119d354324,Nancy Mercado
ffac8846-2b1b-4284-ba74-bffe9cee4cc8,Leah Estrada
7f889047-6d8b-4e15-ba5b-f993bc6d1eec,Jonathan Harris
6fab3402-6f58-4f69-bf8b-c6d5d7260e7d,Robert Skinner
d83719ca-357d-462a-a3b1-3855f5637453,Sean Manning
bfad660b-6f7e-4a04-bc4f-d58c52470b21,Jessica Bauer
c2747c13-3333-4070-b9ed-e69bc505eb04,Amanda Herrera
4f308014-0bba-470d-b4ab-bb68740cc1a0,Molly Smith
226f0e3f-4dae-4cb2-9551-7d5d59b09227,Matthew Grant
0a96e8a8-7da7-450f-ba87-898ab88805ef,Michael Dean
00efab7e-f1d0-45ef-ba69-45737526e9eb,Melissa Roberts
afa4f262-22b9-41ed-8a59-627ec7a8739d,Brenda Kent
ea0bbd3f-b2e9-4c61-83b2-b18972434506,Ryan Hart
2fc835e9-1bdd-41e2-9e3b-406fd539a308,Karen Patterson
37effd18-80af-4b49-b128-8fb880dc0fe8,Philip Haynes
8346917b-d0ee-45c6-8e66-22142da7294f,Christina Ramirez
678eeaa7-6110-427b-8d1c-8b4dc5265de2,Lauren Love
494bb18d-d2c9-4eca-8e56-07b9d06ace0e,Scott Reyes
dd5c3b1b-a6f2-4dda-af47-be60a0d43d79,Dr. Melissa Russell
ab5206e4-de87-4d9e-b159-8334ba302401,Teresa Ortiz
d488832c-044b-46ed-8597-64be7aa1a3d8,Kimberly Schneider
0549b3b0-b65d-4bb6-92ba-5e341bb6e151,Gerald Hicks
57c57b56-1e36-4916-ab00-2a921382f0aa,Shirley Kim
c442b7ff-9218-4fad-95cd-46f60e4cf9ae,Joseph Mcintyre
836e7259-90a8-4a4d-8965-9b4a1e114f8c,Jeremy Hernandez
02860466-b8b5-417f-a01a-5e0a7bc19d71,Miranda Dixon
adc1d9d0-0442-4864-821f-e3c14eaf4acf,Diane Nguyen
1210be84-8eaa-453a-bb78-b322d1f9d2bc,Mikayla Rivera
ea53e08d-7244-4654-a0ad-cef818c168b8,Rodney Gonzalez
ff069fe3-53d1-466a-9e2e-2b94b0084161,Jeremy Shannon
90a50d35-7623-4032-82f2-9c8f7f01826b,April Curtis
2e257f1c-ac38-4ace-bb33-e28b19db8c09,Brian Church
833e2641-9183-430c-8c8f-f8c6e7ba779a,Jessica Wade
6edb929a-31cf-411c-bba9-cfaefb37483b,John Larson
8c59320b-ee5a-4a45-87e1-ce1dd3a4f187,Lori Williams
e3a966e8-3f89-4eba-a849-626036f3018a,Margaret Bass
682d2bb0-e421-43f9-94cb-1b9110259d35,John Gilbert
3476d6ac-d1a9-4109-8e4d-c685cc731806,Jacqueline Morris
59f79ee3-b7d0-4566-ad1f-c4c136d79abc,Kyle Martin
432def9d-2ab3-497b-95de-ba5b5d77de6b,Barbara Pearson
f33f01dc-53ca-42e5-a618-a8725226bf7f,Leonard Jackson
8313f44c-e41c-4ed2-8acd-a803d16a30dd,Lindsey Hunter
c008e62f-deb6-4294-8bfc-7d344b1f0c67,Kathleen Rice
8656ff68-3447-45a9-8491-1e0ab1d94374,Edward Ortiz
f1f523c8-242e-42c5-9c58-157730c6ad17,Stephen Miller
3add24b2-8f15-4784-9fda-3c7e8dde6307,Traci Landry
95e55842-b33b-46db-9ab4-09beea6bfbcb,Luis Francis
eaf11e2c-3b62-432e-9a83-1fc96951bc68,Kathy Haney MD
e43b3c32-b449-43ac-b48c-9daccaed9145,Elizabeth Ryan DVM
43af880a-1cc5-48d9-8e1c-6255907dc926,Charles Johnson
3a0d6e5e-41fa-4191-b6b8-462edae8a6f2,Haley Obrien
b3baa876-0992-4972-a570-f68253a4126f,Kyle Jones
d22b9ca7-ccfd-46a8-8298-f84f6874ae82,Brittany Johnson
1bc6b698-817f-46c8-9143-cc3db035568e,Ashley Santiago
4b3bf094-e4b6-4cba-889e-8a0f9ca72c23,Latoya Harrison
e0109e3a-cd7c-455b-a44d-ec53a298fed1,Cheryl Robinson
424b1c1b-68f5-4f40-b0d3-c260a7a651b7,Lori Butler
095c868e-2896-42bb-a269-c02c2f39bf62,Yvonne Watson
91704844-e6f7-43d6-b594-9784c6f6edd5,Terry Obrien
ebd0e706-646d-46b0-b25b-8543837cbc1b,Crystal Serrano
b635e9b4-61f1-4208-a81b-e74f37fcd78b,Justin Chambers
c238bc1f-5d86-4e57-8421-4bf835cd9ce2,Donna Garcia
59ab9339-ed90-44bd-a2da-82afc69d3ffd,Richard Hayes
27d1e573-21bf-4aa8-946e-04aec9076869,Leslie Cruz
afb86cda-32c4-4bf3-8992-032926db3529,Kerry Tanner
c3d875cd-0366-4fec-80a6-b2285f28d388,Joshua Mann
b92be301-a148-484e-82f1-bfb97b52ef69,Sarah Hunt PhD
7d8d15d6-6948-4791-b0e3-9d3071d500fe,Keith Cook
7a69e384-dd8c-426e-8994-b2abf89fbfc1,Matthew Dawson
b577df55-e093-44b7-b3a6-c559777f563c,Debra Morrison
73784864-3315-426b-a2c2-5b762edbf64e,Robin Vargas
ce81a957-be2d-4259-9b12-7422ee450872,Maria Cook
abce041e-d97e-4031-a2f2-63f5269924a3,Tanya Anderson
d79526e7-9667-41b5-ba62-4496255cbcfd,Jeffrey Bailey
cfce548f-9e6f-412a-ad21-1d5ee20ebab9,Alyssa Riddle
1bae2c41-0a81-4bbf-be17-964fca708eff,Sean Koch
1ef8cd57-1f7a-4872-abd6-16d566f2b336,Dale Berry
3b086d01-f352-4fb9-ba63-daf3ab8e5bb3,Kristina Snow
1b559e9f-00fe-44fd-bd13-8361935be1d3,Shane Yates
2b5a9a16-bf9a-41c4-81b3-2504584dd145,Jade Martinez
87299819-20da-41a3-9ba8-27b801ff238d,Benjamin Brooks
baaa5273-2cd0-4923-9464-9b58ef377a43,Paul Marshall
e9fa56e6-83b3-4232-93f1-ced93da3c432,Matthew Schmidt
2c3b1c2d-84d2-4572-8f3a-536988d1328e,Melvin Ingram
360e7f32-55ce-47fc-8c0a-d6cbf9ca1b5d,Erin Lucas
7ca6d012-446c-4c4c-bc0c-b3eef64fba5c,Kelly Holmes
cfe6f808-82ac-4dd0-a2b1-9c24b8bc011e,Kimberly Barnes
c51a6e43-6444-4743-8ca2-0ecae9379a06,Bonnie Jones
e73b1045-b4e0-42e1-8811-ce358b77252d,Zachary Holland MD
55213d9f-3d27-48e7-96c1-ed64f5ddd331,Nancy Austin
c5cbef25-8468-4259-b750-f5fc7093fa57,Allison Oliver
e0df5400-09e3-422c-b878-69d1211fd16d,Charles Bolton
a1610195-8adb-4724-856a-dcfd47344992,Tamara Berry
a0383cbd-fed6-41fe-9349-33e86c65200a,John Simmons
1fa3180e-1c77-418d-94fd-1928156b80f9,Cody Gonzalez
36bd04b1-50bc-4873-ad10-c0adbd5da9e4,Amy Charles
95ca3016-777a-4c38-a88c-24a5f525e44c,Donald Peck
cd598104-7804-4631-bc5a-82b265aaddbd,Amanda Fowler
dfadee50-fe12-4ab7-b732-7bb77bff242c,David Oconnor
a4d4b9bf-6538-41a4-af83-fbcbce7068ab,Lisa Mason
0342d66a-f808-4a4d-8b5f-77f7cf7661ac,Paul Gomez
5a1eb9ad-ca1d-48b8-ab64-19ee0ca75918,Michael Morris
3d4dbfd3-1b41-4822-a944-2fffeac33b9e,Heather Lara
5a1fcfd7-e798-469d-a71c-3f4b791581ca,Chelsey Ramirez
a907d2b4-ea32-4618-8e3c-11e4d30872bf,Katherine Berger
ad7413f4-4ec3-4ac7-b995-da499e8f895b,Abigail Wolf
a8cf5f31-38a4-47f2-8863-b20ad413f5e8,Gregory Dennis
03e9a377-92ef-4ff9-8916-acf88873c275,Sharon George
2f808541-b650-49e1-acd2-8f832c2fb4a3,Timothy Evans
7d21a585-13ae-4cd9-be73-ca75774c7de0,Erin King
865f7b64-f083-4d0e-8183-fd556b344bed,Karen Reynolds
acff3b58-35a0-42d7-abf9-a4aa8a86fa8c,Adam Carroll
a107a2ab-afd0-402a-afb7-57b581a107b7,Kevin Elliott
a525f3fa-8171-4cac-a994-58078328aeb2,Paula Mcdonald
6a8e7301-faee-41a4-a639-7c26d19914f2,Danielle Anthony
49541810-d54c-409f-876a-6ea40d07806f,William Hodge
9eeff9be-1b5a-4799-ac74-0a130bf5b7d3,David Barton
f079185f-312d-456d-9c19-ac4c551809d8,Michele Mayer
56eaf884-79e1-429c-bc18-c30d6aa96cf3,Whitney Collier MD
8d81da4c-3bbb-4ef7-995a-1022cfa99334,Stephanie Sherman
83e6edd8-5bd9-4ccc-ac5d-c1e1f587185a,Sarah Edwards
09326f1e-a369-4d05-b474-f976eac8afe9,Frank Moore
4deb415b-a851-4001-97aa-d47ae6ead90e,Patricia Smith
b49ec613-ca86-4dad-abcd-c685db4d2671,Michael Macdonald
ceacf06d-423f-4b49-81bc-318944501fd0,Justin West
0a7e88a9-a0c2-45f1-bc50-d52145013f33,Pamela Rodriguez
275d5b8f-0418-4ba8-9995-ee907bb8af4c,Joshua Smith
e721b2c3-9c9f-4cd7-96e7-f819c979cb43,Tracy Munoz
b56f4623-5bbc-418b-a0aa-484688d93895,Sarah King
b206a738-ce6f-4d60-8347-16b7659ab940,Charles Carpenter
65362cc4-68b1-413f-9276-4ce0f71e4fe5,Steven Huang
63bb1ebc-1ba6-4bd5-b8b2-903168f2889e,Nicole Lewis
bb8aa3c4-c773-4688-9148-4d1fc2790d63,Julie Johnson
fcd2c463-a2f3-46e0-ac94-fb5acf08495c,John Paul
63203445-11a9-4ea7-bf70-d957b1304ca3,Jonathan Moody
d6aead62-93cf-4ee3-bd31-d146a7f67e3f,Christina Lane
bc051153-61f5-4235-b6ee-fa11236c30f3,William Rodriguez
cd8eeafa-5391-455e-9bc2-a5dfaa4f5d29,Teresa Moreno
75515bad-69db-4cd8-9128-d53d42a5789d,Mary Ellis
aa266428-f84b-4ca5-bfa9-15878d011417,Connor Jones
75f89401-616a-4cc0-85bc-9b94dec97e7b,Faith Duncan
82bb60f8-c2b9-493a-85ec-2346ee4cddef,Wendy Sanchez
ff3e92b7-4c4d-43e5-81b6-ba7f3d6e9191,Steven Walton
acd2df69-eeed-4d7a-8ebe-6f55a6542e0e,Natasha Carter
53da9946-f8a2-4e6d-9578-22131f3d736e,Andrew Hicks
c91ae982-c99a-4de0-8409-1f9a817d911e,Philip Sanchez
829ba5ab-ea29-443a-b742-480d07a3abee,Daniel Stevenson
5f7a69f6-6cb2-4e4d-9dae-fc885bc11a7f,Shane Cole
3378f1d9-c8d6-45b0-a367-8a3ac1e25d6c,Gregory Roy
b6fcd3d1-4d5c-4365-b079-d04de9aa086e,Theresa Barrett
09c2656f-f4ec-4a96-ad46-44515ff42f63,Julie Wyatt
27b3478a-c963-4a40-92db-7840c321e664,Ian Tapia
e203b272-6003-43ef-bd9d-8646cba41694,Meagan Robinson
b20c737c-141b-45e0-a034-96437c3c73f9,Mrs. Veronica Murphy
80be9c47-ccb5-4043-ad2d-25c05f4f1806,Margaret Houston
5dd4a7c3-56bc-4dd2-bf46-217d93719754,Veronica Farmer
411d95bd-f8e6-4b8c-924a-c67b12bbbd16,Tricia Garcia
22d6b3bb-331a-4f9b-b2dd-f4cb4ef8309f,Amanda Vance
ef678efc-7ef0-4923-9c77-1f3ff493db64,Kimberly Johnson
5371503b-675b-452b-8699-dd2e5a629d5c,Karen Oliver
592f0cc8-4a2b-4bdb-9c89-94fb401f3e17,Charles Howell
4fc19822-6a02-41f5-aa2c-ccf132eec96e,Tammy Green
309cd56c-b13c-493d-843c-902c51b97a20,Steven Robinson
e97170ea-b2a9-4a79-bd7b-e745ce3aad9d,John Perez
794a81c4-62e8-419f-bfbb-7499564c9f9a,Michael Jones
69a68766-0ca2-47a7-a4c5-f063016b1234,Brandy Dennis
658d7c4e-efae-4f6c-a0c3-276bf480cf51,Maria Macdonald
5b10c95b-c0b7-4e78-b0c2-e21a951be88e,Teresa Williams
ab2ddc87-4fa2-49fe-9521-1f2bbaa565ac,Christopher Thompson
7fccc9c4-0c3e-4e9d-b40b-58b5fc612298,Christopher Haney
4980eb69-ac22-468b-b5e3-775651df2596,Mary Mills
f1007bb8-98c2-427b-a2dd-5de3c526a97b,Kimberly Jones
917c0b2f-9a09-443d-8189-e3f64f09d74e,John Gross
5796af1a-c90e-4d01-8576-4e2a56c7c874,Keith Austin
b054c61a-e742-4133-a191-89e8fce65ee8,Jessica Grant
e5a4c6d1-3651-45de-bd95-5bf9c19b9ccd,Claudia Jones
f1fb30ee-1eef-4f9f-be7b-a278ed3840c4,Casey Estrada
cb79fea1-577f-4cd4-9b8e-2a4e2ffb4f90,Jacob Mosley
6ff9535c-a038-4621-8d60-c2ea6abf7810,Catherine Krueger
631b4d5a-b7ff-445d-889c-7f2a8999941d,Paul Grant
91555025-82ea-4a9c-9232-fa9af95fb7ea,Rhonda Ward
2a3f6b2c-fc7a-4620-91cd-a0352ae53ff9,Jennifer King
a0483fb1-8043-4402-a298-a5e710935189,Brandon Fisher
25d503ab-a86a-4541-b3c0-8bb17f5c154f,Dylan Smith
f1c6c4eb-2aae-4fa4-867c-f2bfa1a94605,Brittany Peterson
07076c1b-a95d-4a68-8e94-0f46fde2d009,Annette Turner
153eb8d5-3890-4e4d-8158-8c4c25781d85,Steven Williams
55408abf-7046-439c-8d20-5811d6182889,William Smith
3b32111f-88ba-44c1-b016-133be93a4dca,Janet Stein
00ceb0cf-e9a5-46e3-861b-8538d5b8d602,Wanda Osborne
a06ab689-15bd-4c0e-af63-fbc30832c0f0,Steven Escobar
c7dd58e9-5ca9-4631-b9cc-b6a21b9beca5,Benjamin Adkins
0bbf3ab4-fe70-427e-9687-3f143fe48e06,Tammy Patel
b58ca8b6-2428-4c8d-8166-05f347726a09,Greg Acevedo
b50d2ed0-5719-45c9-8ed5-d39579f4ebbc,Lydia Williams
f61da738-9c38-466c-874a-7c1fbc6195cd,Kyle Evans
e202a756-c889-4ef9-b4a1-1c8c9f074aa7,Cheryl Wilson
39785ebd-25b9-415f-a92b-c21007161e82,Colin Campos
22ee1460-2a07-4adb-b5bc-c7bc86554fa7,Darin Burton
da791f70-bb0b-4418-a52d-46827f62c4b1,Elizabeth Davis
9d216058-b4fb-4628-80de-b793b15ace5e,Natasha Montoya
eb90080b-0137-46ea-8b90-8eb32b6c314c,Christopher Hess
75ff181f-6db6-4d2f-9f96-832b4ef69606,Kimberly Mccann
ab94b991-201e-41c9-92b1-e8596d5c7939,Edwin Marquez
78881ec8-ddc4-4827-959c-553917011c56,Samantha Anthony
7d8318a8-16f9-438d-a4ac-8130296ded20,Garrett Martinez
e6d683c7-a66a-4c89-9060-5addd6059d90,Thomas Armstrong
47ee1336-0bc0-45c7-bbbe-fb8c6eff3d23,Alan Cruz
290121b2-288a-4856-b8b4-7605ef6a397e,David Donaldson
d48c8c34-fd1c-41be-b208-a130c471f2bb,John Jones
e6f08ae6-0920-4407-a242-9049d7be52ed,Kristin Lewis
3c7724d5-b074-4801-8a50-7efa79847a5b,Cameron Fuentes
21299b8e-dd26-4a8d-a844-15fe465c19d4,James Santos
8155cca2-64f2-46a2-b677-7f8f2ab689da,John Hartman
f68828a5-648f-4909-bf93-fa61a8bd6769,Mindy Wagner
53253d3d-fa2e-4c60-8c58-27be37188efe,Valerie Russo
bcfd8f16-2320-4476-ae61-b18c4b3f8b6b,Randall Reed
278ea88f-a56d-4828-87df-69106c0a20bc,Michael Mills
acfb093e-a79a-442b-bb4f-3c02d94c59cc,Amber Coleman
3225e7a2-7a5e-4940-9899-66b53ef6cb49,Elizabeth Walker
f243ac15-4250-407b-9866-5b60a9847053,Aimee Dean
8492ff7e-8bc9-4ba4-9810-2d1f580e3984,Ryan Lewis
541b7750-21a9-4836-bc40-98e6723c9604,James Beck
66a76bb7-19fb-4646-ae6a-dd95faffb7d3,Jorge Ellis
95ab30bd-0974-4f1b-bf06-3a4ca74498eb,Austin Tanner
76b0090c-9296-4c4a-9a04-06fa7f7225ee,Jonathan Davis
3dcb7049-d68a-4fb5-9bfe-04fc67d7f6c8,Jody Hale
30bac124-cedd-41ac-80ec-2ddfb060c7dd,Katherine Zuniga
60745325-6818-4828-951f-24e360d6dd88,Raymond Garcia
980fea86-9ac0-49b7-8c4e-e5801a01cded,Rebecca Flores
e8477aa5-ee92-4b0f-8a4d-038573cbc611,Jonathan Herman
fca4f502-a624-4088-8423-b8651f9cafd1,Linda Thompson
9a7d632f-ffa0-4e2b-9e4a-5b902569cfe6,Scott Cabrera
1ebfe1fd-0934-4cc9-b37a-b2dd3749cb74,Duane Martin
b2f72418-74eb-47cd-b40e-20887e37e7c1,Kimberly Johnson
a6e35ae3-904d-41fb-828a-e9af519d5567,Zoe Graham
f4be8d26-aab8-40b2-84ba-232b84b7a8a9,Ashley Elliott
50bcfd82-1642-4c57-8e74-58df2376e5f5,Madison Austin
c4999b41-8e63-4652-a2e0-5d96a8fdb3d5,Caitlin Vasquez
2de676bc-8fef-4009-b4fe-05aaa8bac8de,Gregory Glenn
f6bbc435-eb5c-4d3a-99a4-47f7e5581e6a,Anthony White
e94f7bc5-155b-482b-83f4-c2fd8867620a,Gregory Rush
2dfc4f9c-932d-41b3-ac7b-cb246ee26790,Victor Reese
6cc53492-add0-463b-96e5-e2a05f7861bb,Taylor Smith
5f9ae0d8-c4c6-466a-9060-d8285dc1cf35,Michelle Velez
c69fd7f0-f322-4081-ad80-94cdba2d53bb,Maria Phillips
0dd899af-88df-4ca9-bf53-0fbfc562cfbf,Sabrina Brown
31ccd24c-1a6d-4ee0-91aa-6b2c627f4596,Jessica Heath
d8d87243-0cb1-47b3-a526-0df6ef238e28,Matthew Harper
56034af9-9f4d-45ec-b4c6-fc20bf258a8a,Christine Wilkerson
ee661d39-fcfc-4a7c-b702-542bc2cd3607,Joshua Garcia
d4ef7fd9-04f0-4d98-968b-0d12fd0a0eef,Karen Pugh
63938522-c9f3-4af5-83b4-41b44de6bb6a,Martin Henderson
b86fa1ba-254c-4675-9b6c-364886520222,Jacob Ingram
689cc61d-834e-4471-8b7d-c0aed5fe29eb,Carrie Mueller
7a36cbe6-a0d0-4593-90e9-133eba490765,Sabrina Hall
5da34e80-a850-4e4a-9e4c-d0b9e6ec675b,Melanie Ramirez
dafabd09-a9e3-45d8-8665-7c55d23aa254,Erin Moore
577e5341-96c7-430a-bad8-c36b5399558c,Susan Johnson
a457a162-6be1-468e-b435-0a5ffdbd6fe7,Kelly Lopez
5bbc56ff-a514-4a0f-838a-394eebb41c0f,Sandra Gordon
95615271-3ca2-402f-9319-8fe99b284f39,Anthony Dunn
0dd31757-4eb4-4f4c-bf3b-b4ea3a5eb18c,Kathryn Black
0ce18d58-1d5c-44d6-9e04-4de03988b18b,James Brown
09b46203-3b32-494f-89b6-b6ba53f0c0fc,Maria Rivas
ffe5ada9-85ba-4fea-87f4-e203f41b0552,Sydney Eaton
280f0df5-ecf6-4929-a49c-03bbd96f0882,Melissa Austin
83df10dd-af4f-4ec0-a825-30658c207975,Elizabeth Schmidt
568be16d-a0c4-47d9-9aac-d820fca3d84b,Joseph Murray
9624d7dd-ec70-4078-9b8c-79adfa58df93,Christopher Mason
f9e50a65-5fdf-4589-935f-851cf3b9872f,Matthew King
d50a8d97-05a9-4757-950d-65ef13d9c3b8,Miss Jacqueline Green
26397cd2-6543-413e-8c3c-604e9e7371c2,Ellen Henderson
1c4703b7-6266-46ec-955c-229f2ae79496,Brent Shelton
a2136788-3c18-4a0b-ac58-01037b794df4,Andrea Rice
9686b12a-57f6-4bf5-b9f3-eff9016f57e0,Andrew Cohen
52a4abff-54b7-4953-bb9f-40f057320739,Anthony Green
78ca2c5f-237c-42ad-a8c7-42c9cf65fdfa,Brandon Perez
55ab24a8-f427-4284-9d57-5419fd4706ba,Brian Brown
bcce3572-24d9-40ce-b4c2-3a7e7e0ac959,Mary Alvarado
d97ec392-16ec-4d8a-a1f6-5ee5d2a214b9,Jonathan Lee
d69bff37-ef3c-46a8-b8f8-d82367d3574c,Mrs. Stephanie Riley
ab8f7f9e-fef3-423a-a6c3-bc89d589dc9d,Erin Murphy
60f02db9-7939-47ef-8b11-00c6dc889e20,Tiffany Armstrong
93a5d6b4-7973-412c-9aa8-3af22bdae957,Brent Conrad
24e9466e-ed7c-4676-a379-0392ab88e999,Donald Smith
94834177-70d7-46ca-9bb8-fb31101af9c5,John Roberts
a10c8f2a-e685-4814-9f51-237558ea9e55,Richard Lawrence
9e609f10-6a4e-480b-aaaf-e06c4ba9a187,Dawn Cunningham
55087d0e-3386-40bc-b0bd-19839d70f3a0,Cynthia Frazier
efcae02a-e7d9-4934-b6c5-1d0fa9b0b4b3,Mrs. Ana Garrett
2e7d119b-1cc1-468b-9878-e92c2bb05578,Julia Velazquez
37623c12-b887-4459-8d2e-a96ec41898db,Jeffrey Joyce
9e18c683-209f-4517-8c5c-d7848ebdce83,Sally Olson
571e3929-05d5-4a74-b0bb-25757266d23f,Ellen Crawford
e03030f3-8fed-451b-90e4-57d1fcb50b5f,Thomas Burnett
ca51a862-29a1-4a75-9cb1-f7110a093d4c,Jason Chung
339c2c96-aef9-4228-bd1d-d504ff46a969,Jason Beasley
aeb923e3-3939-43a7-97f6-9a74011550b4,Nathaniel Lopez
72277a9b-2c37-449b-bd05-26c300012684,David English
1d37f1ab-13dc-450a-a48f-31a6126aebda,Kyle Hart
1e69283e-9c0b-4a31-8919-7dbf91d7d4fc,Ray Jacobs
f737a161-daa3-4735-b355-3b4073cf12da,Jermaine Young
842b102e-caad-4953-ae56-0aee1aae9005,Megan Faulkner
da64790b-374d-4afb-a90d-74300c68f291,Kristen Acevedo
432054cd-614e-4a4f-9938-a2cfa777a041,Jeremiah Sandoval
e310f857-e189-46c7-87fd-0d9de92968fd,Christine Mendoza
4d0e4e38-8b70-4d35-aa50-efc705cec4ba,Thomas Williams
a59b9dd9-b5e8-4d43-8f5a-b697b2736525,Theresa Pennington
a407c8f8-fab6-4a83-a0b2-f72f1ecea67d,Charles Edwards
eb51da05-c2c9-4a98-86bb-bbcf758b05d5,James Lopez
2ce8ad4d-10c4-4901-9c08-f27169d31f8c,Patricia Williamson
49f3a23f-2748-4efd-8067-28946d13444d,Sabrina Downs
741f8078-7824-4168-9e04-177fb1dffaa6,Carrie Welch
d12aaffe-9fc3-4eab-8908-27630bc7743a,Daniel Wagner
3ddba4ed-845b-4094-b23c-8d03fb6538f8,Victoria Wood
7d4fa917-e616-4c0d-b14d-c5e1a9aa9299,Kimberly Gregory
302ec437-f3a8-4c23-97b1-f57b58ba5ef9,Mark Chan
9b22a7fd-38d3-4eb4-90b1-9c3ba443b8aa,Sydney Weiss
76ac518a-a85c-4d43-a82f-8fd3ae94dc0b,John Miller
29426e4e-7262-4ce0-8a3d-7bd61ec6cbfc,Alicia Blake
2504861c-f372-4409-b334-4e0f808aa250,John Kelly
2de3cfaa-1130-40a6-9601-566168d71444,Karen Brooks
ac195fa7-0929-4f9d-a165-46783c2df7ab,Cheryl Robinson
750b0761-4a37-411a-9048-25cfb3c6093c,Carrie Silva
e533c340-3dc0-42ba-8269-8f3d255972e1,Steven Atkins
3b51eee1-de3f-4c6c-88b0-e84fb5249d1d,Walter Saunders
c594cc57-4bcd-4137-b6da-802c9341be63,Mary Ryan
115f4e4d-124f-4ec9-97d0-1b730854bbb5,Danielle Griffin
7b98dbad-90aa-431d-b6d2-e3122b5894d4,Laurie Ortega
6dd6bc99-b0da-4985-bc08-ab92b52e9648,David Reed
fed1e670-ee38-4c89-8bcf-e67f65fb700b,Brandon Alvarado
ff48ac58-a48a-4eef-9587-c878e6068293,Seth Atkinson
c55da414-db2e-4c6e-b6a7-ca7dc618f9cb,Todd Cook
8240c106-61ab-4a03-a61a-5bd1c4b764d5,Mary Ruiz
a0893336-516f-400e-bec9-8be1b7678052,Carrie Johnson
823c867d-5fac-4db9-a2fe-a0ac132fa9c2,Janice Valdez
c75fd704-eac4-4f5a-b688-101525e47943,Brandon Lopez
7d40a140-2bc3-4380-98d4-913fa5e4cc32,Charles Oneill
4134f2b6-d92f-4786-b1be-434fc791ba88,George Cline
0856885f-9296-498a-948e-d41e28bdfcc5,Michael Schultz
50dcc673-a0cd-4eec-8426-03a2ccf5ab13,Teresa Summers
044924bb-3ca1-46af-8760-874d3886293b,Emily Butler
f4af905f-e8ec-48d8-aff7-8926d9308370,Robert Cortez
929aa16f-502d-4eee-a38b-a3d4606e121e,John Williams
de784acd-cdf6-48bc-be65-b82455ddb3a4,Veronica Buckley
1c9f80cc-90c5-4c40-9675-eb2c7839aeef,Stephen Archer
31303f6d-6259-487d-8b75-7ade737db860,Joanna Jacobs
7f8024b8-5bc4-415b-9cbd-b18b831419e6,Michael Santiago
59c99fae-6f7b-4a3c-90a7-45cd519fe55f,Sean Barnes
3215d7aa-e825-4a2f-a62f-2bb62e551253,Shelby Morales
294f6c14-c064-4b2d-89c4-fa314b28df6c,Jennifer Johnson
f946abfe-f3fb-4dfa-ae00-b8dc07b91316,Sean Jackson
09efb92d-8329-4ee6-8c6c-00527af40c29,Linda Thompson
5eae6e50-a82f-4009-ac51-4bcced0409bc,Sara Potter
8879c2ed-f000-4437-a3e3-eb086d2f73a4,Angela James
e034e23e-8fee-4335-810d-d9a695cfc327,Crystal Porter
15907f7e-8798-47ad-b23e-9696b8bbb64f,Tiffany Turner
e1780f4d-01c9-419f-8298-a10e46b07bb7,Patrick Shields
a70c05c4-739b-449c-a627-6e5244d0c045,Nicole Jackson
d754ebf9-d9d3-4ece-83fe-c4efe0c2895d,Kevin Tucker
1a7ad3fd-f31b-4951-93de-4ec8428a15db,Victor Hall
d7b50a08-c42f-4b7b-964d-0751a3c54ee9,Janet Robles
1d8fd3f2-c832-49a1-b0ea-77a75afbc00f,Madison Davis
bb590905-b47b-4222-a6c8-b29176f6bd1f,Christopher Schmidt
adf77bbc-ca43-4ac4-8e7b-6dbffd5bfd60,Alex Taylor
8f1f8a31-71cc-48a8-b5d2-7abfd33ffe42,Danielle Weaver
52507b94-1a74-4675-ac3d-9642a61e136d,Kimberly Kaiser
41ced987-b66d-4a38-84d4-24de4f957668,Scott Harrison
83dd9d10-d19b-47b9-b292-959acf4530ff,Michelle Anderson
62719efc-f06b-48bd-a9e5-fd60ef079908,Barbara Ward
7571f814-8671-4d23-ab43-88bfaa341698,Heather Ritter
f2697d93-cee5-4d75-9b48-e4ced4e5f3d1,Elizabeth Miller
4eae4e2e-c346-4e01-b036-1014afcacb1e,Jacob Brown
177f9aa4-945b-4376-9a47-4eb0c2d3072a,Michael Figueroa
e5418e02-b9d6-48e0-9415-fff2d41db80e,Mary Vargas
b1205e53-953e-4e68-98ac-4414e6217cf8,Nicole Curtis
910cfc3b-e6a4-4710-a0f4-d8d00e5c1a72,Daniel Cuevas
710c4391-dcd1-4ebf-b7b6-007968c21b8e,Angela Moyer
617e6166-e986-443c-9205-4bc227d467ee,Deborah Jackson
a680a2d9-c779-4db6-a5e7-6d1a944528dd,Kerri Wilson
2d32f7d1-695d-4924-a2a5-e254ecc9fe7a,Taylor Summers
4dbe6649-d3cc-4f12-a976-4e6a1412d9fd,Lauren Jackson
09463afb-2435-48e7-9811-2e0b32f8a5e6,Robert Lang
8039dcce-c8ba-45e3-aec7-7c39cdabcd51,Hector Campbell
61579366-ac20-4d74-9f65-a9b94ffa0289,Christopher Barnes
b44239f5-b244-458e-bac5-640593259d12,Teresa Murray
f74372b5-af48-469d-99f4-4441f65a52bc,Jeffrey Cannon
ac9b6c9f-b271-4bd2-816a-5bb8eda6de83,Mary Deleon
ea6a67fe-9f7e-45c2-b1ae-09def00b218b,David Garza
4b6e39ad-15b3-4b99-b78e-5cce8a646b8f,Sarah Thomas
4edf3861-76cd-4b47-ae49-2a3d6e87977d,Carolyn Bishop
ec318379-ec3c-400b-9d8a-c00f6bda9155,Chloe Payne
c86cefe8-aa8e-4963-a26f-9bd62ad40bf5,Jose Butler
49022238-0bde-45c2-92a9-a397b416c7ab,Samantha Holmes
3507db85-4962-4994-a9c7-29565bd93818,Don Valencia
1b300440-230f-4f46-812e-a11b7fe5ab16,Amber Small
67f34081-54b5-497a-8246-d0943603db94,Emily Liu
a90fbc70-864f-4a28-ae16-ab5cc49bc4d1,Lawrence Ochoa
60a9f3d9-2c8e-4492-98dc-be76cf7c4748,Lauren Hill
097082a3-d71a-4f7a-b4fa-4b38c3873d6a,Rebecca Rodriguez
e16fd935-1c64-443e-97eb-5fcac3fac79c,Gene Frazier
f93053a4-2e02-4bc0-a377-1b016167583b,Michael Gray
772d558b-54da-49cf-9626-36088fc32a1b,Robert Underwood
8e1146f4-06d0-43c0-827d-e249a345a7e1,Robert Everett
3afb6bdc-0530-4f8e-a62a-66e85eaa8306,Brian Smith
21f13561-ee57-4712-bdc9-b0b3a20cf3ad,Robert Mitchell
5e515edb-67e9-41c1-80c1-11cc86446ca4,Elizabeth Blanchard
7afa5521-174a-4641-887a-34c1190755fa,Michelle Conner
dea493a5-6983-4d2b-a0ef-8dbd1203ed56,Kathleen Williams
0a009703-04bf-4e5e-b318-b6e4d7781544,Monica Warren
cfb7e111-1bb2-424c-ba94-42fcec754b44,Monique Martinez
4f083602-04d4-428d-9793-10841a6edf98,Kathryn Mendoza
256a1dfc-9b18-47f4-88d6-9e1b4413f219,Terry Simpson
22391e58-5192-419e-ad5f-304dbf9a00e8,Nicholas Meyer
344a5643-612a-4320-a308-801d0216eb45,John Phillips
08643a88-0687-4f43-bfb9-b5a2a2f4749b,Lisa Mason
ceded886-a37e-4c7d-afa6-41fb5d4708d9,Jennifer Patterson
c46c73b9-ba4d-4d54-92b2-cdd62ab23be6,John Farley
1af0e3fd-c150-4847-949b-14cb811f9209,Kimberly Gonzalez
0c07131f-9cc2-4769-a00c-1b57c7b93876,Valerie Parsons
ba0855db-d026-46f1-bda2-ce46797822cb,Nicole Bishop
487a33ec-e959-4f23-b13b-f2440c8a4550,Patricia Webb
92d25c65-31dd-43d3-ba4c-da3210298402,Ronnie Anderson
800c1a5a-080f-4e92-ba9d-d2145d703016,Daniel Mendoza
82d0ac32-ecbf-47d3-83d8-5471eb83de10,James Mitchell
17d604d4-f66b-403a-b7a7-bd2374e32ff7,Jeffrey Love
7cd0de5f-e2fb-4653-87bf-250eb7d6aef2,Kevin Hardy
1f028698-e059-4dec-98fe-aab2407cb872,Bryan Thomas
dd46e1ad-7a44-4da9-9b5a-1ae83fa78f15,Carolyn Carney
85f6994e-674a-4038-9b89-c6b715149a11,Michael Gonzalez
13ac24ef-7930-4224-94fe-61fcc34fdaf8,Natasha Thompson
2b527000-b386-4bfc-ab73-b32e71c5b8e8,Kathleen Hudson
a24e8109-a56c-460f-9b03-15d891dc1df1,Charlotte Davis
251f3e07-70e2-4f3c-bbf4-0e55442a15c8,Mr. Nathan Petersen
d096d9cd-b11b-47bf-94c6-b3dcfcd56064,Jon Rogers
71abaa79-bddc-43bc-a118-f305f9e83032,Ricky Lawson
9e41e47b-2525-485a-8c38-247c867bcd40,Michael Porter
3eb30da3-637c-4e01-a840-21396e26497f,Erin Chavez
5e50a2f7-e513-41c3-8155-257e6597fa24,Amanda Wolfe
a6f92bd1-c8ca-4c0c-8819-319d8ef46797,Carlos Bass Jr.
fdabd295-167e-4949-80ae-b6337e514566,Walter Richardson
e17f5ef7-867b-4374-bb5e-2903a325ff75,Dana Simpson
d18307df-8cd0-40ea-818e-6b79f5f73e8b,Vanessa Serrano
e0d58859-a008-4870-85ed-f61e83a15aae,Jonathon Williams
5d34d2c9-21d4-46e6-9421-48a5fce3763c,Brittany Rodriguez
527b8958-069c-4d87-93de-12f2e3ab5ca7,Elizabeth David
305b2ec2-9b9f-4ed5-8970-bfca5dbf59e7,Jacob Lloyd
c2cdf036-a69c-4109-84c0-87c998fc401e,Lucas Fields
109404b8-a3c7-4789-97a7-3c35833cfb82,Jerome Martin
123cc63f-c5c1-479a-8ecf-4d411f41e483,Melanie Davis
f868eea9-4246-4f63-a37d-561426175d1f,Lisa Roberson
ce94d913-d6e0-4611-88f7-edcceb051c85,Gregory Reynolds
b18cf14f-7956-45b1-9071-8e5369e4b0f3,Samantha Ward
9e616d3e-decf-4671-9110-87a015d74911,Christina Hall
006a825e-3d10-4f58-9f6e-a7ef16b88604,Harry Smith
21a26a80-acb6-4071-b16c-21a3d573500b,Alejandra White
35a0622a-6ffa-494d-b733-1d2bf1a4db2a,Martin Greer
04b38cab-83a0-4490-aac5-4edc24f2886e,William Wang
f007abde-1b15-4ffa-8f25-3a0e647f1070,Samantha Miller
35e28131-4ead-467a-81ac-fbd45698a0ed,Jordan Allen
a3c104d7-f4a2-4776-88a9-187e78a324cb,Sara Dominguez
9121991c-34c8-42ca-a0d4-bf9c702d9c52,Joseph Heath
244bbd14-221f-4bb6-a2ba-2932b633b221,Anna Fleming
39ec51ef-75c2-4cbd-af21-bfbeede44230,Jamie Howard
c7748d86-dce8-46f6-95aa-62e9d23a435f,Mr. Robert Wilson MD
e0258eb8-5412-401a-8cc2-080ee9116a2c,James Anderson
b17615c6-69fe-4114-9e0b-b9e1852b38d5,Charlene Henry
e1505cf4-cbf4-4903-85df-a6e29a8adecc,Nathan Webb
775dd32c-2ae9-438a-9152-40a1c24eed0e,Shannon Taylor
02113aab-145a-4f73-898b-ee6c16867449,Dave Murphy
e30ceb4a-d012-4c7f-84d7-45dbe4af23bd,Vanessa Gilmore
f7743639-b6ef-4aaf-a868-bc61b0fcc842,William Lopez
a037a77d-172c-4ebd-9ab0-3cee8a966296,Anthony Wells
af9b4fd3-40f1-4d95-bf27-13bfee663161,Bradley Shannon
16f9017e-3d3c-442e-b7c1-79e40a113e36,Angela Armstrong
95d910aa-e971-44b0-8677-61a84af4f7dc,Rhonda Watkins
f1eb898c-495e-4a71-9200-9e849d68c663,Anthony Ramsey
3028cf10-ee92-4b19-a5ee-4e0ba9579acb,Kathy Brooks
63a19a0a-ec51-44f6-9b74-979269ff3860,Pamela Smith
f5bc86d1-ea66-4363-902d-d855cf6a546f,Vincent Rogers
edfd83e0-2502-4324-81d8-4ca653d8cd2a,Sarah Porter
323f398d-b0bb-45d4-a7a3-eeaa097e2ece,John White
d7054810-b058-4e61-9e8f-cd5f7ced2bb8,Dawn Thomas
42c2506e-f6a9-4fbb-a836-a0c096fb75ba,Katherine Roy
d3447e1e-696e-47b8-9a7c-55e827fc8a9a,Dr. Ryan Wright
48885d67-4e27-42ff-87bd-a606a485c1da,Jeanne Morrison
849b8db1-675a-40a8-93c7-8d6121ef62d7,Danielle Gonzalez
057b79eb-443b-4aa9-b756-17f6745b08ec,Henry French
2c674294-b2d8-4473-b591-5dd094fc6032,Henry Flores
c5d2b6cc-1780-458f-a4a3-426dca965b17,Amy Andrade
9fb70661-a874-4a8e-b0db-de57ac1dd864,Lisa Snyder
7a919483-0e9d-4ccb-a01c-14927c9f47f5,Andrew Anthony
fc5f9292-ec9a-48c0-ad5a-bc670cd42903,Dustin Santana
ed2b9562-43a3-4ad3-b452-0dc67eb2b2ab,Melissa Vasquez
0cfaa5b7-8e85-463d-a486-bd9f13847e9c,Melissa Wilkinson
813c659d-4793-404c-97ea-967f2f0fc9eb,April Meadows
9af6ade9-9196-4812-8ac0-8d4e0f80e6d8,Mr. Nicholas Smith
f491a702-84d5-42a2-b78e-37e66ab86b36,Max Daniel
e67c3c3a-8295-4981-972f-0c4c69e99701,Danny Walker
bf2c63df-7e2c-45a6-b9dc-ac49f19d732c,Roy Phelps
1cbbb262-59eb-4bc8-8ede-3899e6d2467f,Jasmine Peterson
381b46da-c4f3-4a98-885d-b248ec1aa4aa,Susan Castillo
d971c9df-ecef-4099-a133-113cca1b8c9e,Aaron Smith
3ee5e160-fc09-4256-85aa-3b0ccb587154,Kathryn King
17935576-83fc-4dbd-ad07-32bfc232a98b,Melissa Nelson
25a90e4a-7b93-49fb-a681-3178eecb31bf,Wendy Tapia
81770d7d-3bc5-4a09-88e1-2d246560ec0b,Henry Harris
68789ba1-9cda-448f-8150-e66b82e737d9,Jean Hansen
3744be88-b8d5-417d-bdfd-462bf5d99f67,Mr. Matthew Meyer
6692b65d-11ae-4bf9-9958-bf1bcff1bbc8,Nicole Russell
9eb80ecf-15da-4fd5-a4ea-0b304be2fc83,John Wilson
25cdb1e3-c8a0-426c-9711-7225fc8e5391,Karla Vang
5ebfe8a5-a0c2-4050-bdab-1c056ebebfa9,David Cooper DDS
dc76d949-acbe-42d0-8998-b7f18178d7ce,Cynthia Johnson
7fee63a9-9ad1-404f-b59e-8207557fe410,Dillon Flores
13eceb65-dca8-4050-95a1-47602be776b5,Melissa Smith
79509c4e-3916-493b-a003-f81e11421992,Derrick Smith
3fad5d86-2783-4537-9101-548c64e94493,Billy Burton
094361e3-b968-4ec0-87e9-0de502ecf481,Lindsay Shepard
78b6a057-3d3d-4e4c-b2e7-10058408ddf7,Melissa Pearson
a4ac323d-cbec-4ce3-a5bb-7c387d28fc56,Daniel Burton
c4fabd7c-ff2b-4215-a3b4-52609290d4cc,Robert Dillon
e853c26a-ce7e-4b3e-bbc7-f6937f1d2ac6,Troy Henry
2ddc594d-7eb5-4c69-9672-1549c43bf1e4,Allison Harris
078dd66d-02f1-4717-9939-cdfe05b93a81,Michael Martin
b5dc8ecb-bf07-42cc-8969-920b88021a47,Cheryl Atkinson
ad56ab97-cdbc-4345-9a66-7c1e4f93981c,Kenneth Holmes
f7382e80-74bb-4774-9571-2790eba9f923,Dennis Sims
e48220e7-fa39-4660-b7f2-5bd8775a389d,Jason Gibbs
a56e0f3c-872a-4e43-a029-a45ef870b520,Michelle Olson
e8a73f95-e5f2-44be-b6b8-b960b6d33515,Dana Williams
6e3294cf-2937-4ea7-b5e9-85c3ac1d5eb0,Mr. Brian Wilson
ee64daa0-b877-4d49-bbd2-5e11ffa991d9,Anthony Rice
45cb2f7e-bc8f-4fd5-b20b-b20a86416946,Ryan Serrano
25c80b2e-c45a-4bf8-8cdb-5e37100a9a9f,Eric Schroeder
66a27dc3-b5d2-411b-b17d-6af5c3db6f7b,Andrew Serrano
54c265cc-47fb-41b4-b241-3480976f7e1d,Paul Thomas
28580cd6-0ae1-4f07-8ec2-83b1ae7e40ee,Paula Craig
b3cca696-c203-4f66-b6b9-ae2b715c0192,Tiffany Bass
f445e31c-d776-4ea1-9caa-012275149899,Andrew Rosales
4c47b391-877d-4c6e-8540-5b0640c63772,Russell Hutchinson
b05e8738-2131-4d45-83b3-462c1d137c0e,Melissa Gonzales
1125e23b-99ad-49af-b5a0-4d6497530b56,Donna Crawford
9b413733-d0a9-4fbf-9aca-259faa1645f7,Mr. Jonathan Taylor
82828a66-305b-46e3-82d3-dd8a8869ff00,Heather Ferguson
0755fcd2-b6bd-43e1-9f5f-b8f8368f4b12,Carl Sanchez
709cf1fb-6e33-4263-b987-587e647ade18,Jonathan Bennett
b730ff73-501d-47f1-b82d-4d1e0c85f7a4,Cynthia Thomas
7ace887a-d9f4-42a2-aa90-f98d52e0bfd6,Cynthia Owens
5bedc627-d30d-4e1a-a27a-462e3a29bbbe,Jennifer Stevens
c59a5520-94b8-4430-a23a-0981395b1267,Susan Odom
7765d48e-9dd0-4b38-9377-0cda69fc8040,Courtney Lee
5b3eb895-635c-41a9-9c8c-610b8836fc2c,Kelly Miller
84be2309-31b6-41ac-b27a-271a155dad4f,Ernest Martinez
7462b5bb-1cd3-461d-8938-64eb19a68878,Krystal Mason
d3388600-3ea6-428d-a830-0d47f3292156,Angela Roberson
3621ec21-181f-4980-8c7c-697930eaa0aa,Rebecca Roberson
ac938f4a-780d-43a8-95fe-715c13cddbfa,Michelle Williams
4dc5d5c7-1a89-46af-841c-9b43a112c547,Kristin Payne
ea4a7b72-f7e7-4c0f-8a14-a130dacbe9e1,Duane Myers
6a9dd746-3edd-40b5-b0da-4985ba4900fa,Tracey Giles
713117c8-1c60-4657-aab6-8e5e73ee2d74,Victoria Russo
574ff654-2345-4ad6-91c1-1a8f52ff575d,Joshua Buckley
1dfd0d67-a6a2-4f40-8dd4-c6a03ed55489,Diana Taylor
4f1ff219-cab0-4e95-8955-d20ddc13288f,Christina Johnson
1d8dfb40-9e51-4097-abae-0b42a38493d2,Douglas Coffey
0241161e-2557-48b6-ba44-18b45d887190,Kelly Wells
087e97c4-b44b-4462-97b4-c2ebb0a804d0,Jessica Griffin
a81ac905-20b4-446d-9d92-868f414db746,Aaron Gardner
e033d476-75de-4d6b-8743-41bd6c71b2c0,Shawn Rogers
1807e25e-ed83-42bf-b7a9-e66cc457a19a,David Grant
971b8088-b55b-49a1-8b9c-a2dedaf1782c,Diane Davis
57cd5981-2b8d-4c61-9274-5f06b376d77f,Kelli Williams
73dbffc5-2f02-4011-bcd1-ab56630fd21a,Theresa Williams
527b298c-46ee-4ecd-93e5-24d473c3c935,Timothy Ferguson
c9878bf8-e227-4874-bb09-472a3f4765c3,Walter Allen
fa92f650-bad0-4e76-b071-6ed15cc22982,Michael Harrington
3eeb3e82-edfe-4ba7-9f60-4fcbf07ac243,Carl Marquez
57e08718-f78d-4069-84ee-f36457eeebe4,Tara Osborne
2f15b9e1-103a-4a05-8454-109fa5066637,Kyle Evans
26cdcb1b-3d98-44e7-bc51-69fd6ef07cc0,Madeline Smith
cbe4fef8-1d87-409e-a7fe-1785ecebef4d,Gina Smith
976f89f2-ef1d-45ca-bb97-6337fb19c840,Dwayne Johnson
36b23984-269b-4716-ad14-5634526f63c9,Brendan Rodriguez
527b4fd9-d6a3-445a-8b4e-f8965966f877,Keith Perez
77dfcf17-dedf-401a-87eb-1668f400b5d6,Christopher Ellis
f4b8152d-c768-46e7-8bc4-5904d65c8929,Carmen Arnold
ffc2064e-eb8e-4244-bf90-7ac808a3a803,Eric Porter
2aeb6b54-fab0-49fa-9265-3d9d1c142f22,Heidi Davis
975226f6-ba2b-4fa4-a66a-e97d32f2eea3,Laura Jones
db6cdca0-cb6e-4318-9423-9c6141423189,Sheila Lewis
d4b3a8dc-3454-4f1d-95fb-c63bf5bf3c9e,Stephen Acosta Jr.
38ff3cc0-36c1-4cc2-a79a-f26413d934aa,Jimmy Bridges
7e325e65-9859-4a41-8388-1c3ac808dfda,Stephanie Reyes
89314241-c9ce-466b-b5f8-7cf88730b8db,Mary Harrington
243c8966-e37b-47d7-a0a1-8badf8fdd69e,Scott Ray
0bf49718-e3fa-4bf1-85a1-9d240efed73c,John Weaver
92586ebd-1991-44a8-aaf5-a1a0936a2a69,Leah Miller
1dc3003e-cf08-430c-bed8-357b3be726d2,Mary Dunlap
c81068f0-28d5-445d-a8d1-b1d33dbb902d,Tyler Spencer
a9b122e4-e4dc-44ba-8584-a305b93e43b4,Elizabeth Chapman
1a067620-759e-4bd7-a3e0-7b90c24ac9fb,Roberto Hull
1ce0ef1a-8bdf-4996-a58e-caa4dff5dd2d,Joseph Pope
05a13ba6-0302-470b-8c8d-cbcd561efd43,Teresa Lambert
399a7845-8e09-4b58-97f0-61e2d5514167,Brian Velasquez
e36f72b0-3832-4aec-a490-3e012bf46826,Nicole Perez
9bdadb73-7b06-4838-a552-b1e52401ffc4,Jessica Bowman
4ddee00b-7981-42f8-addc-ab3be7ac3e35,Max Alvarez
8e306170-7321-4baf-b20d-4483fd71f4e7,Elizabeth May
86345865-7031-4176-9c04-fd38ffb37d6c,David Buck
4b2ffe8c-d0f9-45e4-8e07-5f2233b74026,Robert Allen
7f164e2d-9f08-4b90-ac5d-1926f7d8e930,Mark Smith
c9f32005-6463-42e7-be3c-9f472ff224b5,Valerie Bonilla
26508766-a74b-4e0c-92c0-9381df8dd01f,Christopher Smith
34c40756-f0c3-4175-bcb7-81929f956b3f,Sara Powell
0667f411-2b56-4b7f-ac2d-def625391e98,Susan Lopez
063e962d-fd88-4837-908e-57541dcf821e,Katherine Griffin
b921dfcb-11b5-46ad-8526-25afc1fb7f58,Linda Carlson
85b08c32-ece7-473e-810a-ccbc98a5c4c5,Daniel Jones
5d5a43a8-9b13-4a47-9ffb-3e4f71de5e53,Ryan Rose
c3c2d5b2-6096-458d-ba20-9ba015398cfe,Matthew Sullivan
577c4956-46a4-42fd-8a72-cfca858a4347,William Oneill
99695d90-bb67-41a1-81f9-61fd5de4cee9,Stephen Hughes
80322053-8b90-4f3f-812e-d1e1d7fcf6f7,Teresa Perez
08f8b6a9-81a0-4146-9cea-fad98f944a5a,Johnny Ward
7d2ff972-4e13-48e1-88dc-8c10c1317c6e,Travis Johnson
b2c24f93-b5f0-4aa3-a7c1-fff0bfc4de92,Robert Anthony
399dabbb-297a-4700-83d1-26bc0bf936c4,Kevin Mcguire
c8304d46-a17f-4b21-b40f-216f5b99daf8,Mark Olson
64f8923c-e09e-46f7-8719-552a4cd741af,Michael Harper
7ec78653-1237-4f20-9c0b-03da6737e10a,Shaun Berry
7100b05d-9edb-4ab1-82c8-61e0c42d2596,John Dunn
e5847c2d-bab4-4215-9f80-4803c11105f0,Jessica Best
138e48a9-71e9-42b9-8cd5-a9c9f9c8fdcb,Kevin Evans
10469225-dffa-4bc2-a666-335991b418e2,Cameron Smith
4b85b430-7464-4d23-be9c-e4de415892f7,Matthew Green
de5b0f5b-ccb2-4026-80e5-15dbe73b2480,Johnny Ryan
55d1ccc6-a122-46c6-b75a-de4fcca4c04a,Brittany Daniels
69e30495-45cc-40ff-8c22-1bae0497534d,Ashley Ross
3a09e073-d75c-41f6-ade5-4ea9cdf060ad,Gina Kim
2a0f4b8b-88ad-40ba-aac3-4d5d4e8c6acc,Mary Nicholson
8ad17908-6c77-47ff-8375-c7b3a49b8525,Miranda Myers
fd707e1d-8f6b-47c2-b7d3-080f65a3cdb5,Christopher Schwartz
e0ddcc07-e831-4731-aa56-fea451d06932,Benjamin Jackson
23aa53ea-fffc-45f5-aa5f-dc75bfbc2278,Katelyn Alexander
f2d9fec6-a6cb-4b8b-aeb5-04839ea32fe7,Carl May
9e129682-0d62-4e0e-a318-cedde9b00ff4,Jason Garrison
12926202-cd6b-42dc-b501-c9dbd907feb1,David Perry
0033a6de-b188-401b-8752-7daae8037db5,Dr. Matthew Brooks
3c48fc1e-1a26-4453-ad7d-a1e8deadcbba,Kimberly Lewis
60768dbc-4cb5-495d-9fc1-67de83d8e92c,William Robbins
df8fcd25-62ae-4649-a52f-b1799289480a,Shawna Williamson
aba83bf9-818e-478e-8984-07c298d68ad0,Renee Clark
768fddfc-1223-402c-94be-448d12fb58b7,Ms. Mary Parsons MD
c3c4f2fa-1786-47a2-8c50-bf9a58d8c918,Ashley Jenkins
1af4ae4a-7b05-4bff-915f-9bdd9bfad110,Kevin Farmer
37668dfc-07ad-48ef-af26-80791562e9b3,Patrick Thomas
6dc90960-50fc-46d6-83aa-fc800a75b3fa,Thomas Martin
a8b67454-68d5-4236-ab5a-e02ee4cacc8b,Christopher Cannon
f21a1848-4d17-4c9f-b814-8d3df670e00e,Emily Parker
1436ee83-1727-4996-b95f-590e1d0f468f,Dustin Sanchez
c430dcce-10de-48ca-8d52-ecbd505b3743,Dana Ballard
c955a398-b391-4121-99dd-2772f8240a03,Erika Mccarthy
df62e57f-5971-4708-8c21-68a482c999be,Russell Mitchell
09f914e4-bcdb-44a5-a63d-72b74fe02030,Christopher Williams
c41bf4b7-02f7-44f1-9047-e96ae634e023,Jason Clay
e5b631a4-2f94-4679-9e6d-a94434425c34,Justin Duarte
4a35fe8f-c5ae-45a1-867a-d783bfaaf2e5,Sherry Thomas
b4746da8-23c7-47d7-a558-c78417cbc5e6,Robert Young
0b93eebe-99e7-4e45-a67e-e65f476a95bc,Brian Porter
cc756de4-f105-40fc-bd16-71794bc63c45,Stacie Cook
377a031d-8be4-4454-b71d-49342534592f,Scott Jackson
ee5899af-5f07-4b2a-b61f-55ebaf6e315a,Kenneth Nelson
6a6bdcc7-bcb0-43db-9ef0-692a980c8f24,Kelsey Walker
b7d21397-3ee8-4cfd-96d3-2691346fa57e,Manuel Hess
00828be8-171e-43a9-bb23-e7d8c93c6106,Michael Thomas
b5913e0c-9b25-48c3-a995-ddb1ac018491,Brittany Turner
0ec8af6a-b756-4ef4-8d8f-1b6a47136f57,Denise Anderson
ff977289-2a86-48d1-be21-5a8c90be3a89,Katherine Lutz
